"Идентиф.";"Обозначение";"Посад.место";"Количество";"Значение";"Поставщик и справка";
1;"J1";"MountingHole_4.3mm_M4_ISO7380_Pad";1;"VCC";;;
2;"C14,C13,C11,C12";"C_0402_1005Metric_Pad0.74x0.62mm_HandSolder";4;"0.1u";;;
3;"MES5,MES3,MES1,MES7";"SolderWire-0.1sqmm_1x03_P3.6mm_D0.4mm_OD1mm_Relief2x";4;"Voltmeter_DC";;;
4;"C7,C9,C3,C5";"C_1206_3216Metric_Pad1.33x1.80mm_HandSolder";4;"10u";;;
5;"U4,U5,U2,U3";"MSOP-12_MSE";4;"LT3090EMSE_PBF";;;
6;"C8,C4,C6,C10,C2";"CP_Elec_6.3x5.4";5;"22u 35V";;;
7;"J2";"MountingHole_4.3mm_M4_ISO7380_Pad";1;"GND";;;
8;"H5,H6,H3,H2,H1,H4";"MountingHole_2.2mm_M2_ISO7380_Pad";6;"MountingHole_Pad";;;
9;"RV1,RV3,RV4,RV2";"Potentiometer_Alps_RK09K_Single_Vertical";4;"Rv09 500k";;;
10;"MES6,MES4,MES2,MES8";"SolderWire-0.5sqmm_1x02_P4.8mm_D0.9mm_OD2.3mm_Relief2x";4;"Ammeter_DC";;;
11;"J6,J5,J4,J3";"SMA_Samtec_SMA-J-P-X-ST-EM1_EdgeMount";4;"Conn_Coaxial";;;
12;"RV14,RV12,RV11,RV10,RV16,RV13,RV9,RV15";"Potentiometer_Alps_RK09K_Single_Vertical";8;"Rv09 10k";;;
13;"U1";"SOT-223-3_TabPin2";1;"AMS1117-5.0";;;
14;"RV6,RV5,RV8,RV7";"Potentiometer_Alps_RK09K_Single_Vertical";4;"R-09 1K";;;
15;"C1";"CP_Elec_5x5.4";1;"10u 35V";;;
